Name receive.,Sandy Griffin,01-08-2009,3.36
Almost then.,Terry Scott,02-06-2016,4.94
Responsibility hit.,Austin Johnston,22-10-2011,3.19
Say coach.,Stephen Joyce,30-04-2012,3.3
Defense.,Brandon Wright,06-08-2013,3.48
Price organization.,Brenda Hodge,15-09-2011,4.89
Dream program.,Andrew Smith,19-08-2004,3.06
Where less.,Tina Cook,16-05-2011,4.24
Difficult.,Kimberly Cooper,06-09-2002,3.17
South receive.,Nicole Green,01-08-2004,3.98
Machine attention TV.,Jennifer Cantu,25-07-2001,3.21
Tax west practice.,Henry Mcmillan,19-09-2020,4.18
Note.,Zachary Dawson,17-12-2006,3.04
Figure if thank.,Samantha Harris,04-03-2015,4.33
Enough glass.,Gabrielle Long,26-12-2007,4.92
Natural notice power.,Brandy Park,30-10-2009,4.29
Piece move.,Brian Stark,12-12-2014,4.09
Nature structure.,Michelle Nguyen,26-12-2011,3.57
Matter.,Samantha Aguilar,23-06-2018,3.52
Development do.,Leslie Sims,19-02-2023,3.64
Leader but body.,Karen Duarte,13-01-2009,4.19
Win hot notice reveal.,Brenda Wright,09-07-2015,3.99
Situation billion collection.,Jody Robinson,03-10-2007,3.08
Interesting sing.,Dr. Michael Parrish,13-07-2005,3.32
Cultural left.,Benjamin Jones,15-02-2022,3.6
Beyond rise leave.,Vickie Morales,09-10-2011,3.53
Wear itself.,Michael Rodriguez,04-05-2021,4.2
Outside ability themselves job.,Veronica Hill,11-07-2000,3.13
Help pattern.,Brian Barker,13-11-2016,3.41
Along within.,Jacob Medina,30-10-2012,3.46
Likely.,Christopher Ferguson,27-07-2002,3.03
Serve more.,Kent Dyer,28-01-2011,3.81
Shake read tend.,Kelly Vega,02-01-2009,3.45
Us medical.,Daniel Lane,07-04-2006,3.73
Figure.,Thomas Palmer,15-03-2016,4.7
Leave standard.,Marvin Jenkins,14-10-2017,3.12
Including movement.,Kimberly Ward,28-03-2020,4.47
Us probably brother.,Steven Diaz,13-02-2010,4.45
Between you.,Kenneth House,23-11-2016,3.4
Company.,Gregory Johnson,18-02-2023,4.34
Event dog.,Colleen May,31-05-2022,3.12
Congress common.,Nicole Ferguson,30-03-2001,4.52
Treatment between.,Caroline Murphy,19-11-2020,3.9
Computer speech.,Nicole Harris,12-05-2003,4.22
Pull yeah.,Renee Day,02-03-2010,4.51
North herself short.,Chad Anderson,04-03-2000,3.57
Discover director.,Kathleen Gomez,03-07-2017,4.71
Believe total result.,Anthony Hunter,10-01-2017,4.87
Prevent since very.,Brittany Hudson,08-08-2018,3.76
Center strategy take.,Amy Parker,15-10-2013,4.04
Woman compare.,Paul Brown,02-10-2001,3.8
Or yet example.,Kevin Bennett,02-04-2009,4.49
Face support fill.,Jennifer Jones,17-11-2020,4.93
Way next.,Ashley Park,20-01-2003,3.59
Training expert.,Jose Jackson,31-05-2011,4.91
Feel.,Mark Bradford,24-11-2005,4.91
Difficult.,Victoria Wall,19-09-2003,3.3
It which.,Jill Palmer,18-11-2014,4.77
Recognize least current.,Benjamin Ross II,26-04-2017,3.96
Design painting.,Edward Sanders,15-06-2005,3.94
Natural hand identify.,Eileen Mason,26-03-2016,3.58
Tonight be.,Jenna Mata,09-12-2006,4.65
Ball direction.,Richard Clark,26-03-2004,4.86
If produce.,Robin Clark,05-02-2014,4.92
Special while.,Eduardo Tran,14-12-2011,4.45
So cause individual.,Kelly Walker,27-09-2012,3.33
Natural difficult fear.,Bethany Wright,10-09-2018,3.03
Institution throughout.,Sheila Leon,09-06-2019,3.27
Hair never.,Timothy Davis,28-04-2022,4.46
Red too people.,Kristen Bowers,22-09-2016,3.93
Down feel lose.,Justin Houston,29-12-2017,3.01
Very subject.,Craig Howell,13-12-2023,3.93
Size reality interview care.,Brittany Green,29-10-2013,3.72
Best subject school.,Brandy Allison,29-05-2009,4.87
Court cut either.,Jessica Green,28-12-2010,3.06
Region writer wide marriage.,Lorraine Gomez,09-12-2018,4.31
Gas ok voice.,Nicholas Daugherty,01-08-2017,3.38
Behind gas.,Gerald Rangel,18-11-2010,3.15
Doctor.,Tracy Wolfe,02-09-2023,3.77
Sometimes foot.,Shawn Moody,10-09-2021,3.47
East despite for.,Adam Kelly,10-06-2001,4.64
Several.,Mckenzie Martinez,23-03-2017,4.65
Perform member ever heavy.,Jessica Campbell,23-11-2012,4.07
Tonight future according.,William Bryan,26-04-2004,4.64
Explain church six.,Chad Hunter,11-04-2000,4.96
Congress site.,Cody Ortiz,22-08-2016,4.81
Too term.,Holly Lynch,05-08-2020,4.16
Certain office number.,Deborah Santos,02-02-2002,4.65
Tax east.,Sara Fields PhD,21-04-2006,4.85
Mouth.,Nichole Larsen,16-05-2008,4.72
Certainly reveal.,Kimberly Perez,07-09-2022,4.51
Majority particular.,James Miller,14-04-2019,4.47
Remain yeah.,Teresa Marshall,16-03-2000,4.4
Think add central.,Marissa Bryant,23-05-2018,3.07
Factor institution.,Katie Soto,10-02-2007,4.82
Inside exactly economy.,Angela Burch,15-01-2006,3.59
Learn any send.,Lisa Kramer,21-11-2022,4.3
Hold theory conference.,Edwin Hawkins,24-06-2021,3.03
Step choice.,Cathy Garcia,13-12-2005,3.94
Nation spend everything.,Scott Fischer,04-02-2002,4.69
